{"max": {"tom": 1.0, "kick": 1.0, "cym": 1.0, "snr": 1.0}, "min": {"tom": 0.0, "kick": 0.0, "cym": 0.0, "snr": 0.0}, "songs": {"Angeleyes": [2, 7, 1.2402522935779816], "Belehalok": [17, 7, 1.2371541501976284], "S\u00f3 F\u00e9": [5, 6, 1.22502937720329], "Rakpart": [7, 6, 0.0], "Blame": [0, 6, 0.0], "Porszem": [0, 7, 0.5742605412208936], "greedy": [16, 2, 1.231904231625835], "Claw Marks": [3, 3, 1.2310195227765726], "Szerelemre sz\u00fclettem": [8, 4, 1.1520208205756275], "Amikor Feladn\u00e1d": [3, 6, 1.2137203166226913], "Team": [8, 3, 1.212825278810409], "Maradok t\u00e1vol": [6, 3, 4.9825905292479105], "T\u00e1ncol Velem A Vil\u00e1g": [6, 5, 0.08011772400261609], "Mindenki t\u00e1ncol": [10, 6, 0.01993797075764289], "Sz\u00edvedb\u0151l minden kell": [11, 3, 2.3626077586206895], "Ahol A M\u00e1jus F\u00f6ldet \u00c9r": [3, 4, 1.2487139917695473], "So Am I": [0, 0, 1.2295268425841674]}}